buffer_size_gb,buffer_size_bytes,threads,read_ratio,duration,app_total_bandwidth_mbps,app_read_bandwidth_mbps,app_write_bandwidth_mbps,app_total_iops,app_execution_time,perf_cache_references_bandwidth_mbps,perf_cache_misses_bandwidth_mbps,perf_dram_read_bandwidth_mbps,perf_dram_write_bandwidth_mbps,perf_mem_loads_bandwidth_mbps,perf_mem_stores_bandwidth_mbps,perf_offcore_data_read_bandwidth_mbps,perf_offcore_rfo_bandwidth_mbps,perf_cache_miss_rate_pct,perf_l3_hit_rate_pct,perf_l3_miss_rate_pct,perf_instructions_per_cycle,status
1.0,1073741824,4,0.0,30,16940.1,0.0,16940.1,4336670.0,30.0001,16727.974040537567,13914.49621215237,0,0,8523.4591127513,4556.202786280077,336.0526081482359,16385.42135393474,83.18100075019733,49.99808192950916,50.00191807049084,0.05045728835482985,success
1.0,1073741824,4,0.25,30,18242.6,5255.41,12987.2,4670100.0,30.0001,18117.465734127956,14896.368964623343,0,0,9092.687388733775,4845.996760998957,5488.408748174642,12627.511306521643,82.22104119431552,31.960557204209145,68.03944279579086,0.05382582526833636,success
1.0,1073741824,4,0.5,30,19236.4,10623.7,8612.64,4924510.0,30.0001,19169.355543382753,15770.63681092288,0,0,9516.611831021417,5057.073791415975,10785.824296454239,8370.670639587264,82.27004176135118,32.40291894731599,67.597081052684,0.05654765266968216,success
1.0,1073741824,4,0.75,30,20654.4,16098.3,4556.15,5287530.0,30.0001,20664.33926161141,17003.969857215197,0,0,10122.779728272722,5372.854930237776,16203.096242627289,4438.751181562429,82.28654031442389,30.395787527496047,69.60421247250395,0.0603775790062036,success
1.0,1073741824,4,1.0,30,21468.2,21468.2,0.0,5495850.0,30.0001,21556.670485058312,17746.73249516552,0,0,10484.959932404568,5566.398754673818,21467.934702323848,68.96172290332645,82.32594410842069,29.56926653294593,70.43073346705407,0.06256734481234515,success
1.0,1073741824,8,0.0,30,32091.6,0.0,32091.6,8215440.0,30.0001,31824.535566807906,26359.104356261472,0,0,15417.061796138258,8118.954598628289,668.7596874226653,31148.36442532137,82.82635987232842,46.520510708619376,53.479489291380624,0.04578948504928429,success
1.0,1073741824,8,0.25,30,35452.7,10485.3,24967.4,9075890.0,30.0001,35287.68164508032,28779.923798048905,0,0,16870.353076655665,8871.338200022356,10998.946557165553,24276.16925948639,81.55798980367783,34.39033346980433,65.60966653019568,0.05031085870116333,success
1.0,1073741824,8,0.5,30,38077.6,21232.1,16845.5,9747860.0,30.0001,38082.12623285261,31084.097894293427,0,0,18014.34254286274,9448.05131093269,21632.115282306502,16413.218896246653,81.62385079086751,32.13915644159545,67.86084355840455,0.05373973599487887,success
1.0,1073741824,8,0.75,30,40197.4,31775.3,8422.1,10290500.0,30.0001,40310.20766261804,33359.202850572925,0,0,18912.956953452733,9912.09520145408,32021.74175304574,8230.991691978159,82.75621681182463,23.969807021843092,76.0301929781569,0.05674615084788762,success
1.0,1073741824,8,1.0,30,42423.0,42423.0,0.0,10860300.0,30.0001,42667.632514772326,35303.02958750914,0,0,19884.090010640382,10405.893460316654,42499.812803091234,116.64796255894385,82.73960261396405,24.67226648070417,75.32773351929583,0.05956486450281726,success
1.0,1073741824,16,0.0,30,58335.6,0.0,58335.6,14933900.0,30.0001,57934.01186461927,47627.15418991242,0,0,27495.425081703164,14389.56365072226,1248.7185438075965,56675.53845786652,82.20931479975528,51.760120482099644,48.239879517900356,0.04095821884889075,success
1.0,1073741824,16,0.25,30,64574.8,19470.0,45104.9,16531200.0,30.0001,64489.6517810899,52585.64535544638,0,0,30222.885891650345,15784.214707778086,20504.543738544227,43936.69915815769,81.54121460284563,28.993016250635662,71.00698374936434,0.045091283365822285,success
1.0,1073741824,16,0.5,30,69956.8,39372.8,30583.9,17908900.0,30.0001,70072.54434551457,57588.19035382312,0,0,32501.946929348465,16945.197486064324,40177.58263699364,29826.624337062927,82.18367249498829,24.708753485851467,75.29124651414854,0.048510588346029476,success
1.0,1073741824,16,0.75,30,77047.6,61193.8,15853.9,19724200.0,30.0001,77427.54410779361,63207.03937435039,0,0,35612.97313668721,18539.72304952758,61776.89920706668,15544.128614798303,81.63379079459679,25.930154292512746,74.06984570748726,0.053448837948641886,success
1.0,1073741824,16,1.0,30,82977.2,82977.2,0.0,21242200.0,30.0001,83525.39743665325,68695.23101005382,0,0,38047.5806993867,19783.792755054128,83178.51440305785,209.35502662173357,82.2447221064146,23.273765813370787,76.72623418662921,0.05731958807477423,success
1.0,1073741824,32,0.0,30,103832.0,0.0,103832.0,26581000.0,30.0001,4498.6209103702795,2181.5950920867817,0,0,48675.0389880714,25399.103117881597,2207.106173312238,100557.63962792234,48.49475284876173,63.32824785928508,36.67175214071492,0.036344701330327814,success
1.0,1073741824,32,0.25,30,107552.0,27190.4,80361.7,27533300.0,30.0002,64633.41174460262,50840.32401894223,0,0,50163.13601892522,26135.447784037264,29040.136472558694,78266.45068317033,78.65950852143865,38.383569177171424,61.61643082282858,0.037516683863247226,success
1.0,1073741824,32,0.5,30,104824.0,58714.6,46108.9,26834800.0,30.0001,105042.38208791439,84998.23215883465,0,0,49125.55297693736,25618.78721202088,59989.397368298094,45030.74965552948,80.91803562460727,25.281578274321685,74.71842172567831,0.03663353967009431,success
1.0,1073741824,32,0.75,30,109539.0,86912.3,22627.1,28042100.0,30.0001,110249.83735692802,88897.49676387933,0,0,51110.865781119974,26625.093663907675,87854.15872040983,22289.23597322409,80.63276907709022,26.824081428496065,73.17591857150393,0.038263458597070255,success
1.0,1073741824,32,1.0,30,113445.0,113445.0,0.0,29041900.0,30.0001,114308.67078578219,91563.47639995204,0,0,52706.71434711944,27447.31216133467,113805.91707049287,389.8061969632407,80.10195182091189,30.847336765995177,69.15266323400483,0.039393691836737695,success
1.0,1073741824,64,0.0,30,106101.0,0.0,106101.0,27161900.0,30.0002,3141.7837036074948,1175.9842763467138,0,0,51183.170255347,26858.882747316144,2144.1763292232254,102194.42980546881,37.43046585277057,62.60059620787219,37.39940379212781,0.028333753155285593,success
1.0,1073741824,64,0.25,30,124987.0,28319.0,96667.8,31996600.0,30.0002,33980.29807590371,26963.60920553245,0,0,59398.99070777746,31067.47888210676,30107.932743673373,93434.96739627123,79.3507141853268,31.329142162378513,68.6708578376215,0.03294489321756196,success
1.0,1073741824,64,0.5,30,114597.0,61916.5,52680.1,29336700.0,30.0004,103052.79026147223,82026.18889023727,0,0,54891.243417766214,28737.480415188194,62823.02592729077,51257.53621549854,79.59628136425526,30.820759386920837,69.17924061307916,0.030406406500390434,success
1.0,1073741824,64,0.75,30,112154.0,85268.8,26884.9,28711400.0,30.0001,112076.76271573963,89733.92503946612,0,0,53904.56077773809,28253.94534580179,85661.71553877002,26290.1032122792,80.0647010719415,28.19645704518748,71.80354295481253,0.029819791145159577,success
1.0,1073741824,64,1.0,30,115735.0,115735.0,0.0,29628300.0,30.0001,116222.65754702088,92926.92951069426,0,0,55493.05280956922,29075.100554557102,115789.18464111014,350.48056282619484,79.95594961601894,30.676193298715233,69.32380670128478,0.030698503107528616,success
1.0,1073741824,128,0.0,30,105984.0,0.0,105984.0,27132000.0,30.0002,2763.0539819014534,1409.20082093461,0,0,51271.570166094076,26941.25113046559,2131.160294322927,101683.25601809655,51.00156675060104,56.16171388050215,43.83828611949785,0.028368588583196342,success
1.0,1073741824,128,0.25,30,125452.0,28884.0,96567.7,32115600.0,30.0002,32873.02528938221,25764.29437593419,0,0,59843.95382739541,31338.71556304781,31322.996586358546,93043.23541830126,78.37518497044414,35.71641175802346,64.28358824197655,0.033179424483312896,success
1.0,1073741824,128,0.5,30,118095.0,59212.1,58882.8,30232300.0,30.0001,94880.31435270785,75330.07566807579,0,0,56590.3396948933,29644.31100844161,60918.319675738945,56874.38327869399,79.3948419985667,33.745701332781024,66.25429866721898,0.03130063250875278,success
1.0,1073741824,128,0.75,30,112186.0,87849.8,24336.5,28719700.0,30.0001,111786.62025882059,89288.17744051773,0,0,54114.69097955057,28403.78515302025,88502.72369637617,23866.555385977535,79.8737605929833,30.710590340491056,69.28940965950895,0.02990347191094523,success
1.0,1073741824,128,1.0,30,115647.0,115647.0,0.0,29605500.0,30.0001,115814.90274498407,93374.56605065122,0,0,55497.87454188583,29103.578799020786,115458.33129275178,301.8742175653211,80.62396447912681,28.752995229835243,71.24700477016475,0.030695096556052057,success
4.0,4294967296,4,0.0,30,15239.6,0.0,15239.6,3901350.0,30.0001,13692.210426459831,12915.572084653573,0,0,9209.45996439989,5280.732888406554,297.61570027995185,13387.302748211323,94.3278819298203,54.98908341658558,45.010916583414414,0.058245619717922074,success
4.0,4294967296,4,0.25,30,15762.0,4380.48,11381.5,4035060.0,30.0001,14162.58509475764,13351.741162006785,0,0,9367.423802397618,5365.462752797571,4139.770434301878,10019.274166274989,94.27474626047618,22.312243936701766,77.68775606329824,0.05941066544750805,success
4.0,4294967296,4,0.5,30,16323.3,8682.88,7640.42,4178760.0,30.0002,14771.538145598328,13919.216134349732,0,0,9611.999852117833,5485.222633350239,7980.37142475192,6778.511208027581,94.22997115907951,19.024505760842413,80.97549423915758,0.06113653865820356,success
4.0,4294967296,4,0.75,30,17147.1,13187.6,3959.44,4389650.0,30.0001,15507.707313103967,14731.266580638667,0,0,9898.453813368274,5639.469452282964,11939.551446201996,3550.0940518054463,94.99319456584527,13.288206552407816,86.71179344759219,0.06305454921068802,success
4.0,4294967296,4,1.0,30,17690.9,17690.9,0.0,4528870.0,30.0001,16072.783184243788,15151.260200768618,0,0,10102.348115613791,5734.761813612986,15909.245803652397,146.69194926721192,94.26656246829397,15.458115231539796,84.5418847684602,0.0649951913175431,success
4.0,4294967296,8,0.0,30,28897.4,0.0,28897.4,7397730.0,30.0001,25828.598557951176,24231.052191965955,0,0,14760.646623579365,8155.092188980308,583.3246124113496,25235.375387670545,93.81481592041924,52.24509154060235,47.754908459397654,0.04797113774991376,success
4.0,4294967296,8,0.25,30,29929.8,8487.13,21442.6,7662020.0,30.0001,27025.015900488248,25651.31102719626,0,0,15232.787304159705,8406.079070604024,8107.23782522907,18903.562682976604,94.91691372782071,20.651596887858897,79.3484031121411,0.04942700225239948,success
4.0,4294967296,8,0.5,30,31781.4,17167.9,14613.5,8136050.0,30.0001,28777.43410381778,27341.290597809686,0,0,15944.78528393992,8760.759210532276,15833.342432724396,12910.391648079896,95.00948034203797,14.437167004903525,85.56283299509647,0.052056410572738625,success
4.0,4294967296,8,0.75,30,33342.3,25861.2,7481.08,8535620.0,30.0002,30347.63043959979,28458.873503829764,0,0,16565.60074178277,9086.910411360846,23611.1298485989,6691.13321194359,93.77626223724724,17.573016845381094,82.42698315461891,0.053920245481650066,success
4.0,4294967296,8,1.0,30,35150.0,35150.0,0.0,8998410.0,30.0001,31885.66523561876,30269.84385098796,0,0,17153.620617123066,9387.175181033836,31656.743021304916,182.91460065801766,94.93245201976906,12.222244891493924,87.77775510850607,0.056421157421178786,success
4.0,4294967296,16,0.0,30,49834.5,0.0,49834.5,12757600.0,30.0001,44655.9069890748,41674.35209022332,0,0,23643.224721034276,12782.192370875622,1028.7124901406403,43733.854383221544,93.32326874565346,57.95817945346295,42.04182054653706,0.038674422641069094,success
4.0,4294967296,16,0.25,30,53246.0,15092.6,38153.4,13631000.0,30.0001,47909.8534168668,45013.78859080013,0,0,24883.062961229127,13406.44038511987,14413.96884015569,33469.447585934446,93.95517911343245,27.29247955371634,72.70752044628365,0.04092990414413485,success
4.0,4294967296,16,0.5,30,57504.7,31234.4,26270.3,14721200.0,30.0001,51827.71383183513,48740.58585685342,0,0,26484.39883292727,14228.490733357541,28723.90677705324,23055.432932161475,94.04348031827433,19.80572460722641,80.19427539277359,0.04375509795211216,success
4.0,4294967296,16,0.75,30,62038.5,48402.9,13635.6,15881900.0,30.0001,56355.115174561135,52926.313158633995,0,0,28346.96672927268,15188.52598529972,44151.617260994,12128.026322377347,93.91572174893733,16.853904979519253,83.14609502048074,0.04669623552002044,success
4.0,4294967296,16,1.0,30,66252.8,66252.8,0.0,16960700.0,30.0001,60346.253947841156,56443.352062135484,0,0,29887.70985039946,15971.216136126806,59980.63782620267,264.9770565914484,93.53248688961034,15.198528332849573,84.80147166715042,0.04962749002133715,success
4.0,4294967296,32,0.0,30,73083.0,0.0,73083.0,18709300.0,30.0002,2470.662920469643,1775.9607996876084,0,0,33876.5685840178,18162.476624979303,1422.502852676209,63563.21411436544,71.88195463547977,44.51876986350317,55.481230136496826,0.02799178459502083,success
4.0,4294967296,32,0.25,30,87424.4,18918.8,68505.6,22380600.0,30.0002,21446.653825011224,18557.65667765172,0,0,39564.22769257566,21083.59482952083,18579.401374625348,59930.74218205493,86.52938042954591,28.445701341913082,71.5542986580869,0.0325220484356119,success
4.0,4294967296,32,0.5,30,74114.2,39749.1,34365.1,18973200.0,30.0001,66478.97177690793,62719.30498097419,0,0,34229.09649270088,18343.56617209851,36512.703019118955,30129.88294301363,94.34457739727003,14.577945488188803,85.4220545118112,0.02831030055049659,success
4.0,4294967296,32,0.75,30,76605.7,59287.7,17318.0,19611100.0,30.0001,69429.87580533155,64896.605374695355,0,0,35317.254449565095,18890.59749531703,53968.473777992745,15405.211532393572,93.47072081282897,15.48729372568328,84.51270627431671,0.029085596895365252,success
4.0,4294967296,32,1.0,30,79739.1,79739.1,0.0,20413200.0,30.0001,72416.86004674577,67470.56851117761,0,0,36436.50210029228,19460.277237759812,72014.14766636812,340.2230336581793,93.16969621110984,15.192726850433221,84.80727314956678,0.030079636120639235,success
4.0,4294967296,64,0.0,30,73446.0,0.0,73446.0,18802200.0,30.0002,2145.5483079020714,893.9743390197266,0,0,35591.54524195481,19205.368747418197,1370.7674929744455,63677.05878934081,41.66647451969327,49.45749295553741,50.542507044462596,0.02176139835788612,success
4.0,4294967296,64,0.25,30,88679.8,19446.3,69233.5,22702000.0,30.0003,19604.197917889145,17850.575502941872,0,0,41368.52353684376,22152.703027162013,18884.48393592248,60158.761290369956,91.05486272740052,20.35280933327063,79.64719066672937,0.025332242534041455,success
4.0,4294967296,64,0.5,30,89255.2,44022.0,45233.2,22849300.0,30.0001,58577.19353860366,54451.063097377024,0,0,41561.97201605088,22264.6415337887,40524.0961884665,39156.11053010528,92.95608035829265,16.73397687288961,83.26602312711039,0.025526424524498065,success
4.0,4294967296,64,0.75,30,77187.0,59987.0,17200.0,19759900.0,30.0002,69223.8495498335,65178.86238852408,0,0,36954.594539460595,19906.1915544948,54197.8470925961,15089.052889567844,94.15665671930384,12.677285608783961,87.32271439121604,0.022626749680649136,success
4.0,4294967296,64,1.0,30,80336.9,80336.9,0.0,20566200.0,30.0001,72480.12240077266,68018.0989427798,0,0,38125.11856860845,20501.968424828945,72138.55335522696,306.5943332070273,93.84379701606949,11.325775177760944,88.67422482223905,0.02333898041934573,success
4.0,4294967296,128,0.0,30,73474.3,0.0,73474.3,18809400.0,30.0002,1952.37151354714,948.6824227446206,0,0,35693.69022716861,19292.742304995616,1406.6894491489165,63417.86971301904,48.59128583683439,48.30669841555982,51.69330158444018,0.021809110405753902,success
4.0,4294967296,128,0.25,30,88898.9,19733.9,69165.0,22758100.0,30.0002,19703.822088460278,17727.28796298194,0,0,41570.749629559796,22296.469022515656,18835.661735404283,59776.4357688266,89.96877805430493,24.123507378694413,75.87649262130557,0.025475395282362635,success
4.0,4294967296,128,0.5,30,93497.1,43270.1,50227.0,23935300.0,30.0001,53664.28148702716,49945.358459330375,0,0,43421.79948375355,23242.406989288884,39313.81049173552,43583.88844442147,93.07002176373906,18.70984152999257,81.29015847000743,0.0265252879234339,success
4.0,4294967296,128,0.75,30,76946.4,58846.2,18100.1,19698300.0,30.0001,69146.20357376973,64885.57533863928,0,0,37088.48975470648,20003.252073383494,53081.0492626014,15838.049221111769,93.8382325927917,15.208780771696196,84.7912192283038,0.022611350166890726,success
4.0,4294967296,128,1.0,30,80281.6,80281.6,0.0,20552100.0,30.0001,72260.325619684,68049.27094187512,0,0,38194.974284256765,20566.139359037166,71934.96387982974,294.29185555035474,94.17238347364744,11.80523001614558,88.19476998385441,0.023359035365522432,success
8.0,8589934592,4,0.0,30,14966.3,0.0,14966.3,3831380.0,30.0001,12015.172505328796,11594.726903864948,0,0,10591.057771510556,6390.848062506925,298.8940451452433,11709.43148648183,96.5007110694634,47.14570091450312,52.85429908549688,0.07277219133139703,success
8.0,8589934592,4,0.25,30,15129.7,4140.37,10989.3,3873200.0,30.0001,12199.249950984702,11859.596516204609,0,0,10637.937977990174,6418.421520330978,3516.0321824883517,8676.555994282404,97.21578428063377,17.291815201122226,82.70818479887777,0.07308218799007044,success
8.0,8589934592,4,0.5,30,15952.0,8440.4,7511.61,4083710.0,30.0001,12863.295331546165,12492.631945614115,0,0,10873.9572032589,6531.16335494346,6878.639416290663,5973.10861480452,97.11844145393266,13.19114582293308,86.80885417706692,0.07578022367775036,success
8.0,8589934592,4,0.75,30,16719.5,12786.3,3933.24,4280190.0,30.0001,13530.33364894503,13143.664512008774,0,0,11146.026457403814,6678.188747956116,10288.965154638418,3223.75862018669,97.14220545502657,9.79082833687579,90.20917166312421,0.07769108279976437,success
8.0,8589934592,4,1.0,30,17078.8,17078.8,0.0,4372180.0,30.0001,13880.221102859536,13427.447838435242,0,0,11297.325469569285,6753.754566495545,13630.212030730989,234.043360762787,96.7379967432146,9.252065228201864,90.74793477179813,0.07836250808682085,success
8.0,8589934592,8,0.0,30,27994.2,0.0,27994.2,7166510.0,30.0001,22247.125606792302,21527.266317246813,0,0,15244.495137635542,8799.938273329924,568.9417522255709,21669.510531131087,96.76425933727947,51.75998159491718,48.24001840508282,0.054846648844135044,success
8.0,8589934592,8,0.25,30,29269.3,8246.58,21022.7,7492930.0,30.0001,23328.653436331548,22669.402815292782,0,0,15676.50329518641,9012.436080584821,6980.7555182844035,16332.307439598944,97.17407340788877,17.58484945656592,82.41515054343408,0.05689149048741217,success
8.0,8589934592,8,0.5,30,31360.2,16721.5,14638.7,8028200.0,30.0001,25214.35883317384,24080.871328012563,0,0,16458.533116085713,9421.77946232538,13686.845926352367,11502.33074789799,95.50459516872594,15.706460662145211,84.2935393378548,0.0593838856157308,success
8.0,8589934592,8,0.75,30,32914.0,25424.4,7489.66,8425990.0,30.0001,26553.016502734787,25364.332536996226,0,0,16964.074165794125,9687.581669320132,20518.445459283816,5997.747476303407,95.52335620468531,14.175295170396717,85.82470482960328,0.061392024467754006,success
8.0,8589934592,8,1.0,30,33999.6,33999.6,0.0,8703890.0,30.0001,27427.27899082138,26518.677974250557,0,0,17305.261872495015,9852.167508361108,27119.284638668683,266.31607889401516,96.68723602922883,8.360052568567825,91.63994743143218,0.06391464881399712,success
8.0,8589934592,16,0.0,30,47720.0,0.0,47720.0,12216300.0,30.0001,37831.9148570474,36716.3097523368,0,0,22608.37236270905,12636.462598756121,987.7449028101696,36929.042245421195,97.05115348000213,46.45947187267631,53.5405281273237,0.04156939767299254,success
8.0,8589934592,16,0.25,30,51886.7,14638.8,37248.0,13283000.0,30.0001,41141.61562541483,39397.49404770113,0,0,23851.063411481966,13272.356774306762,12389.1380330194,28725.730354264662,95.76068768520534,23.229605236236395,76.7703947637636,0.044124215603008825,success
8.0,8589934592,16,0.5,30,55478.3,30084.5,25393.8,14202500.0,30.0001,44285.86663920016,42753.83466365346,0,0,25159.516780701142,13940.006318846783,24508.052750682964,19733.375162406526,96.54058485966131,11.815733676063825,88.18426632393617,0.04682572181663084,success
8.0,8589934592,16,0.75,30,60096.4,46580.4,13515.9,15384700.0,30.0001,48294.25849675948,46455.02064386841,0,0,26831.19287461335,14800.710128222896,37548.11646668363,10679.595301262247,96.1916014239778,10.07284116218866,89.92715883781133,0.049609900740327235,success
8.0,8589934592,16,1.0,30,63920.6,63920.6,0.0,16363700.0,30.0001,51639.78050026399,49835.06254471774,0,0,28150.623170945277,15473.401195880419,51231.055621960724,330.08118852484574,96.50517887941639,7.713112026963446,92.28688797303656,0.05210692771356735,success
8.0,8589934592,32,0.0,30,69505.3,0.0,69505.3,17793400.0,30.0002,2390.560903838069,1431.679773159098,0,0,31337.25354591382,17229.84987060732,1376.3030748928309,53750.93540181181,59.88886419335822,46.017972003374844,53.982027996625156,0.02898876548029831,success
8.0,8589934592,32,0.25,30,83802.4,18470.7,65331.6,21453400.0,30.0002,18293.157348379948,16324.605154549517,0,0,36017.21180654295,19634.02397298547,16089.41079953979,50174.72743937295,89.23886043103015,24.5876131991269,75.4123868008731,0.03363091165941772,success
8.0,8589934592,32,0.5,30,70524.7,37259.5,33265.2,18054300.0,30.0002,56343.43329055256,53789.161315418954,0,0,31713.32816384932,17426.466004471746,30585.137326305132,26015.4497034091,95.46660218243765,15.245972033964902,84.7540279660351,0.02929499364759795,success
8.0,8589934592,32,0.75,30,72875.1,56196.7,16678.4,18656000.0,30.0001,58038.3284380434,55351.44917052679,0,0,32157.52640190776,17631.285081581704,44933.89545273908,13080.774132789655,95.37050886917791,11.129133369620812,88.87086663037918,0.03006770361353124,success
8.0,8589934592,32,1.0,30,75794.2,75794.2,0.0,19403300.0,30.0001,60833.30903082198,58802.93204958493,0,0,33302.56904881375,18227.55926263396,60396.760786796716,390.32806272794295,96.66239267009405,8.038878183019378,91.96112181698062,0.030984869578059914,success
8.0,8589934592,64,0.0,30,69644.2,0.0,69644.2,17828900.0,30.0001,2051.101347543175,1317.4504972809805,0,0,32513.93599335068,17970.0954316622,1315.1973309668824,53315.506589040735,64.23137008120213,39.99611913269144,60.00388086730857,0.02239005223950551,success
8.0,8589934592,64,0.25,30,84913.3,19226.9,65686.4,21737800.0,30.0002,17382.449937620095,15499.008199811411,0,0,37744.12875832618,20654.394591380482,16719.358314636942,50342.71443802111,89.16469344328483,18.924288769473314,81.0757112305267,0.026080515967416784,success
8.0,8589934592,64,0.5,30,88589.5,40180.9,48408.6,22678900.0,30.0024,44827.5618939822,42445.623573632445,0,0,39049.1911579088,21342.6319120604,33140.96209995421,37037.83347379322,94.6864424034859,14.761500706487807,85.23849929351219,0.026944978078282396,success
8.0,8589934592,64,0.75,30,73272.8,57208.7,16064.1,18757800.0,30.0001,58483.90687397034,55990.21975961234,0,0,33752.25895128764,18605.17977613561,46085.219671048246,12494.88069047862,95.73611400529077,9.67062364448644,90.32937635551356,0.023237741633251784,success
8.0,8589934592,64,1.0,30,76153.7,76153.7,0.0,19495400.0,30.0001,60878.79689161812,58562.489769971,0,0,34739.15429759669,19119.052905903656,60503.71589555333,362.8525472477024,96.19521534604105,6.816540654379794,93.18345934562021,0.023985601290065477,success
8.0,8589934592,128,0.0,30,69686.3,0.0,69686.3,17839700.0,30.0002,1930.0202831069157,1016.3778888055184,0,0,32609.346732229817,18053.017839139462,1366.399456302321,52998.824568104596,52.66151333753702,49.1690274523486,50.8309725476514,0.022533859556819174,success
8.0,8589934592,128,0.25,30,85303.2,19718.9,65584.3,21837600.0,30.0003,17799.221181082306,16579.083553682176,0,0,38243.108626733156,20947.206370375363,16884.114679281254,50312.79139704601,93.14499429504846,19.83582697855331,80.1641730214467,0.02629043862696706,success
8.0,8589934592,128,0.5,30,91940.2,41079.2,50861.0,23536700.0,30.0002,43244.871305353256,41019.27276020769,0,0,40137.55098556364,21910.59279035328,32920.574478273156,38791.940263581964,94.85349712470978,16.282378034470884,83.7176219655291,0.02774370237030912,success
8.0,8589934592,128,0.75,30,72967.0,55355.5,17611.4,18679500.0,30.0001,57775.33085362483,55604.60084113969,0,0,33765.82381589668,18639.543374774163,43918.18241743524,13605.787375963642,96.24280816671612,11.145642644510566,88.85435735548943,0.023338947600470752,success
8.0,8589934592,128,1.0,30,76091.6,76091.6,0.0,19479400.0,30.0001,60960.08539177998,58582.72015488428,0,0,35013.18190820027,19297.5439522446,60571.96625371331,354.85661399448173,96.10012810576495,8.409367746299033,91.59063225370096,0.02404812048905399,success
32.0,34359738368,4,0.0,30,14815.3,0.0,14815.3,3792720.0,30.0001,7355.521941761209,7177.50641462229,0,0,15108.777449421064,9945.815476203728,228.78638584102163,7119.10011134087,97.57983826914811,39.33490931057024,60.66509068942977,0.14519238560549508,success
32.0,34359738368,4,0.25,30,15031.0,3996.35,11034.6,3847930.0,30.0001,7428.879690222444,7342.621097059654,0,0,15034.419579059979,9883.726387790519,2023.9670699820363,5395.770883034239,98.83887481343493,15.114106036328046,84.88589396367196,0.1450293298113951,success
32.0,34359738368,4,0.5,30,15315.6,7951.08,7364.57,3920800.0,30.0001,7622.053264652402,7409.416052689562,0,0,15167.151932841003,9961.254506500081,3835.14662022693,3776.5880351068868,97.21023712929227,10.753805905905613,89.24619409409439,0.14646164715078433,success
32.0,34359738368,4,0.75,30,15944.2,12152.7,3791.52,4081720.0,30.0001,8000.183662871459,7765.39748214267,0,0,15363.667719794374,10074.528791546474,5790.3710049113715,2193.1565824904856,97.06524011669354,9.351654916661102,90.6483450833389,0.14832166509955075,success
32.0,34359738368,4,1.0,30,16222.5,16222.5,0.0,4152960.0,30.0001,8209.905920968054,7986.844490121782,0,0,15504.157796184692,10161.771773805334,7684.989912446724,509.6064100526271,97.28302086536004,6.903064387066812,93.09693561293318,0.15152875120249595,success
32.0,34359738368,8,0.0,30,27903.8,0.0,27903.8,7143360.0,30.0001,13448.592243349847,13298.20236058706,0,0,17879.089587340102,11369.049479257765,428.464089554426,13009.65261183773,98.88174256426613,44.18336760633525,55.81663239366475,0.09782176309564031,success
32.0,34359738368,8,0.25,30,29378.3,7935.47,21442.8,7520840.0,30.0001,14127.453355107142,13778.953716302043,0,0,18068.4447089653,11461.939403895381,4036.87193917022,10077.445512547765,97.5331743800866,18.8950736761303,81.10492632386969,0.09939695539262028,success
32.0,34359738368,8,0.5,30,30426.5,15987.0,14439.5,7789180.0,30.0001,14722.139441562962,14220.125610113859,0,0,18348.423277170874,11613.974979829432,7731.311008653753,6971.055950535469,96.59007555632955,10.503428735585937,89.49657126441406,0.10109650445047708,success
32.0,34359738368,8,0.75,30,31625.0,24215.3,7409.72,8096000.0,30.0001,15487.693425564288,14968.842959385176,0,0,18760.495421084077,11848.978921906559,11604.729694477452,3858.424560682287,96.64991776423797,8.203869917909747,91.79613008209026,0.10327854870318905,success
32.0,34359738368,8,1.0,30,32533.4,32533.4,0.0,8328560.0,30.0001,15866.543407662617,15332.138027576744,0,0,18795.35056428576,11848.86134222776,15311.57587354379,525.3584912905271,96.63187269996195,7.632313044584659,92.36768695541534,0.10488527330193127,success
32.0,34359738368,16,0.0,30,47085.5,0.0,47085.5,12053900.0,30.0001,22451.883661802654,22164.668578160108,0,0,22230.914337765724,13660.601106024162,734.1822570320269,21819.958266371053,98.72075284208253,42.895776715904546,57.10422328409545,0.06499004729889628,success
32.0,34359738368,16,0.25,30,50509.3,13871.7,36637.6,12930400.0,30.0001,24087.399167081763,23624.86977557312,0,0,22719.98507027206,13887.345395729184,7088.295512032868,16984.24960265787,98.07978691140409,16.02320854034435,83.97679145965566,0.06705704904386219,success
32.0,34359738368,16,0.5,30,54276.7,29015.4,25261.3,13894800.0,30.0001,26178.859636747235,25336.42570497878,0,0,23649.368259293282,14397.543322801612,14172.987344920799,11974.393570087075,96.78200676630723,13.071292520124656,86.92870747987534,0.0695569985580849,success
32.0,34359738368,16,0.75,30,57918.9,44809.5,13109.4,14827200.0,30.0001,27941.519842726393,27259.279792385027,0,0,24360.303026976475,14737.549965470225,21439.33072407153,6460.6582143618225,97.55832877316098,6.12549015607822,93.87450984392179,0.0720073536789703,success
32.0,34359738368,16,1.0,30,61697.5,61697.5,0.0,15794600.0,30.0001,29420.080035202518,28477.973593998056,0,0,24724.728971508095,14899.285736409238,28802.150356424307,560.6513222780784,96.79774344571061,6.917317390270497,93.0826826097295,0.07411435933925749,success
32.0,34359738368,32,0.0,30,66957.7,0.0,66957.7,17141200.0,30.0002,1957.9880823481426,1568.0707861227359,0,0,26866.50812929546,16103.665292613026,999.3918986735799,30677.88842434705,80.08581871663931,40.59486462683545,59.40513537316454,0.04094828155455067,success
32.0,34359738368,32,0.25,30,81027.8,17849.6,63178.2,20743100.0,30.0001,10860.345265445601,9857.9203888843,0,0,29409.397244163312,17375.53985362913,9338.647235601338,28728.166141670605,90.76986180401909,16.44779439386095,83.55220560613905,0.04528141235336883,success
32.0,34359738368,32,0.5,30,67874.9,35516.8,32358.1,17376000.0,30.0001,32346.56558525135,31889.10776089593,0,0,27037.429582727866,16187.752311196993,17274.459899801528,15143.16729353412,98.58576075673395,7.415655809162167,92.58434419083783,0.041304083376908704,success
32.0,34359738368,32,0.75,30,70179.1,53792.7,16386.4,17965800.0,30.0001,33216.44349419447,32077.759285888893,0,0,27131.09968648519,16192.131268588948,25331.105017293936,7862.254426536429,96.57192616510977,7.323854333301884,92.67614566669812,0.04203517970115535,success
32.0,34359738368,32,1.0,30,73019.3,73019.3,0.0,18692900.0,30.0002,35431.666287082684,34721.855221041485,0,0,28286.13192530839,16843.855394455128,34802.78712668478,599.4084957435302,97.99667602339103,4.819170373647412,95.18082962635259,0.04293437771930481,success
32.0,34359738368,64,0.0,30,67022.2,0.0,67022.2,17157700.0,30.0002,1755.0810992113124,1226.4949882831868,0,0,27271.684495092657,16356.6096594932,965.4489613674161,30217.341277253618,69.88252502031625,44.38246189798082,55.61753810201918,0.031428103219646814,success
32.0,34359738368,64,0.25,30,81962.9,18685.9,63277.0,20982500.0,30.0002,10520.956066232055,9663.189442882818,0,0,30510.319254911374,18040.024223574976,9769.17948886572,28754.780575042805,91.84706581845433,12.128665868081258,87.87133413191874,0.035061864883369584,success
32.0,34359738368,64,0.5,30,84188.3,39453.5,44734.9,21552200.0,30.0001,27007.075242190724,26031.66278375873,0,0,30821.792195227215,18164.44060363018,19140.33757272152,20349.436133118263,96.38830769461406,8.099944767032941,91.90005523296706,0.03556147142031,success
32.0,34359738368,64,0.75,30,70259.0,53325.7,16933.2,17986300.0,30.0001,33152.04983487934,32157.022475699025,0,0,27996.84637537132,16735.655239065076,25163.02021298188,8041.522293402395,96.9985947652219,5.188815686735232,94.81118431326476,0.03224866566374776,success
32.0,34359738368,64,1.0,30,73208.4,73208.4,0.0,18741400.0,30.0001,34783.88483803967,33896.510010013386,0,0,28649.84617767234,17072.859739131516,34180.617650681525,576.9436577987449,97.44889096730263,3.6126201634564654,96.38737983654353,0.03291445413534896,success
32.0,34359738368,128,0.0,30,67082.5,0.0,67082.5,17173100.0,30.0002,1695.4748614674893,1259.0323641536047,0,0,27620.443365017934,16613.540409783767,995.7137526956934,30411.958308001762,74.25839172064579,44.299380626474125,55.700619373525875,0.03153965436510845,success
32.0,34359738368,128,0.25,30,81852.1,18445.5,63406.6,20954100.0,30.0002,10428.204879765202,9860.4431026607,0,0,30392.712196180088,17987.20796055346,9367.354607270197,28567.596642723503,94.55551762119498,17.142053499113935,82.85794650088607,0.03505934615710564,success
32.0,34359738368,128,0.5,30,87609.8,40037.9,47571.9,22428100.0,30.0001,26191.49874430866,25153.156613436364,0,0,32112.53136635836,18905.353200297974,19330.725033474253,21922.43233417472,96.03557573772702,11.27234635079997,88.72765364920004,0.03636998134180661,success
32.0,34359738368,128,0.75,30,70172.6,52772.2,17400.4,17964200.0,30.0002,33109.37432498877,32197.52841763663,0,0,28162.100710267336,16850.11789116829,24771.64753946733,8271.584372047782,97.24595850588472,6.47469909676799,93.52530090323201,0.03229385980065463,success
32.0,34359738368,128,1.0,30,73172.4,73172.4,0.0,18732100.0,30.0001,34871.91610374656,34326.277765126135,0,0,28871.547961488013,17233.408777568307,34269.82422733934,578.2806792871804,98.43530726273512,5.258748845629886,94.7412511543701,0.03302720329140626,success
64.0,68719476736,4,0.0,30,14615.8,0.0,14615.8,3741640.0,30.0001,4954.4994268322,4887.372587956445,0,0,17181.690971073578,11598.249458515957,162.5317541247373,4781.552648701223,98.64513378461174,31.368088979787164,68.63191102021284,0.20780904409159373,success
64.0,68719476736,4,0.25,30,14769.8,3855.15,10914.7,3781080.0,30.0001,5026.237200564984,4926.626253847254,0,0,17231.909265857266,11626.712661007143,1273.431942729409,3742.6775815399274,98.01818054455265,14.25718569374797,85.74281430625203,0.2087842468104862,success
64.0,68719476736,4,0.5,30,15178.2,7858.14,7320.02,3885610.0,30.0001,5196.933089840155,5130.5033368111035,0,0,17380.56865745625,11714.622349013682,2456.0448248321336,2729.0680418209245,98.72175085034442,9.452345030851642,90.54765496914837,0.21087399461216091,success
64.0,68719476736,4,0.75,30,15651.8,11773.5,3878.27,4006870.0,30.0001,5410.473901355989,5340.654336326104,0,0,17610.27653604836,11863.629641598236,3639.4750555935857,1756.7918300206143,98.70954806727028,6.362643389756177,93.63735661024383,0.21216615812992215,success
64.0,68719476736,4,1.0,30,15658.8,15658.8,0.0,4008660.0,30.0001,5426.700411865857,5391.522937718125,0,0,17615.243811928907,11857.175977092355,4770.7553846010715,643.5090514793599,99.3517704778614,5.453133847675008,94.546866152325,0.2123996317084886,success
64.0,68719476736,8,0.0,30,27548.4,0.0,27548.4,7052390.0,30.0001,8970.23749829582,8847.666306431134,0,0,19321.54639170975,12758.823734737696,298.7192752247668,8660.589179260563,98.6335791902057,33.85684683160839,66.1431531683916,0.14334520308391938,success
64.0,68719476736,8,0.25,30,29054.8,7697.94,21356.9,7438030.0,30.0001,9359.615176178644,9178.518789347863,0,0,19289.393728512678,12716.992595889722,2555.1505168526946,6791.294378496773,98.06512999282606,17.284907627473835,82.71509237252617,0.14441543316745334,success
64.0,68719476736,8,0.5,30,29873.2,15467.7,14405.5,7647540.0,30.0001,9598.669314580216,9357.397938640066,0,0,19302.51616937808,12708.312452390019,4817.649034784216,4765.3172035890875,97.4864080839449,10.990926262824322,89.00907373717568,0.14644608353797892,success
64.0,68719476736,8,0.75,30,30779.9,23493.3,7286.59,7879650.0,30.0001,9962.18927397249,9766.849518784546,0,0,19552.503988703917,12842.776013607714,7204.226813065503,2738.5062833733105,98.03918847739325,6.107730240719647,93.89226975928035,0.1468013835648467,success
64.0,68719476736,8,1.0,30,31595.6,31595.6,0.0,8088460.0,30.0001,10443.858795489261,10123.700272429498,0,0,19990.614468126878,13122.90917477574,9755.777617538033,665.6814338246514,96.93448054661519,6.528218194939147,93.47178180506084,0.14944794893018126,success
64.0,68719476736,16,0.0,30,47463.5,0.0,47463.5,12150700.0,30.0001,14614.64133815621,14183.177429470537,0,0,21851.67584263167,14055.333385159753,499.47495853919935,14306.708189018063,97.04772837935339,44.52288814250119,55.477111857498805,0.09308607109961314,success
64.0,68719476736,16,0.25,30,49724.8,13457.4,36267.4,12729600.0,30.0001,15779.9396758597,15438.077096352734,0,0,22472.855409738975,14402.861990832067,4512.40441052252,11252.596911619417,97.83356219016508,15.309113593391352,84.69088640660864,0.09532919229357321,success
64.0,68719476736,16,0.5,30,53245.1,28069.9,25175.1,13630700.0,30.0001,16740.54145454069,16484.037400132358,0,0,22666.80422479526,14478.779158486257,8790.655301260522,7930.762028855592,98.46776727559934,7.722579481810486,92.27742051818952,0.09675373345409406,success
64.0,68719476736,16,0.75,30,56976.8,43866.2,13110.6,14586100.0,30.0001,18062.01525354058,17642.203548575428,0,0,23287.475242613713,14814.475745161595,13555.312847672647,4477.482564436249,97.67572057119783,8.291331720932165,91.70866827906784,0.09929986441481811,success
64.0,68719476736,16,1.0,30,60206.2,60206.2,0.0,15412800.0,30.0001,18952.895582793375,18525.890007604892,0,0,23456.193338483765,14869.77588079342,18234.97217896294,679.4293590821718,97.74701668500647,7.414265989621724,92.58573401037827,0.10202156278912314,success
64.0,68719476736,32,0.0,30,66555.5,0.0,66555.5,17038200.0,30.0002,1606.4688944554619,988.1180565743575,0,0,25053.084080343582,15770.544060769987,680.9842758444622,20013.296345925755,61.508695249857034,40.49451164615809,59.50548835384192,0.05670786867463269,success
64.0,68719476736,32,0.25,30,79956.5,17035.8,62920.7,20468900.0,30.0002,7236.694642438853,6343.387065781804,0,0,26908.817733827276,16730.077882524125,5913.386219556893,19039.462561109707,87.65586195362812,21.739198283276593,78.2608017167234,0.06098247631014951,success
64.0,68719476736,32,0.5,30,67279.2,35093.6,32185.6,17223500.0,30.0001,20908.940575748427,20579.740370476316,0,0,24979.417414021773,15722.410821893072,10996.413469640805,9987.044856509585,98.42555291560808,6.263741826766216,93.7362581732338,0.057215254013836966,success
64.0,68719476736,32,0.75,30,69476.9,53033.5,16443.4,17786100.0,30.0001,21824.768537260108,21336.172482098817,0,0,25315.870112663895,15882.335580114246,16335.760605219655,5463.113731195751,97.76127726474101,7.465167212443527,92.53483278755648,0.0586873099619834,success
64.0,68719476736,32,1.0,30,72275.6,72275.6,0.0,18502600.0,30.0001,22901.929065545817,22258.017925844302,0,0,25833.292877066677,16175.720754881517,22167.261288724978,707.2127012362806,97.18839780763172,6.023984946677907,93.97601505332209,0.059815649686675645,success
64.0,68719476736,64,0.0,30,66561.7,0.0,66561.7,17039800.0,30.0002,1507.5519894071833,922.9683478407287,0,0,25587.23202030572,16095.948885881406,668.6667644420902,19955.416008752407,61.22298629340597,38.22378199102762,61.776218008972386,0.0437505730072577,success
64.0,68719476736,64,0.25,30,82074.0,19314.2,62759.8,21010900.0,30.0002,7301.045494390652,6979.6252595912365,0,0,27290.84959435228,16943.959906743472,6497.090027509878,18641.84630722141,95.59761358772028,13.22728912310229,86.7727108768977,0.0473825847863471,success
64.0,68719476736,64,0.5,30,84671.8,39619.6,45052.2,21676000.0,30.0003,17626.33382152353,17059.58787051025,0,0,27541.876481207277,17051.194586606234,12442.50278182671,13521.958014298994,96.78466346574452,8.513214593270447,91.48678540672955,0.04813910756693423,success
64.0,68719476736,64,0.75,30,69731.9,53746.7,15985.3,17851400.0,30.0001,21645.958853665637,21150.97763103739,0,0,25737.630897639632,16143.357654580639,16422.991456643846,5249.785948358792,97.71328576398717,4.141993550808734,95.85800644919127,0.04553303597979689,success
64.0,68719476736,64,1.0,30,72524.6,72524.6,0.0,18566300.0,30.0001,22753.540898605017,22350.310859624493,0,0,26277.321010383122,16446.348941846616,22043.442380781915,693.0253219907831,98.22783609470979,4.18935954199583,95.81064045800417,0.046044515863503076,success
64.0,68719476736,128,0.0,30,66592.7,0.0,66592.7,17047700.0,30.0003,1460.0964118970294,987.941824478389,0,0,25725.32004432376,16200.314769201697,685.4847745156409,19935.313255936027,67.66278010332249,37.35739846907419,62.64260153092581,0.043858360462846586,success
64.0,68719476736,128,0.25,30,81815.3,18941.0,62874.3,20944700.0,30.0003,7333.087852163614,6725.27929956367,0,0,27773.8108495306,17256.144350993083,6382.8055226240385,18905.850837533715,91.71142409782243,14.713401445643568,85.28659855435643,0.04747792240602573,success
64.0,68719476736,128,0.5,30,88233.7,39225.9,49007.8,22587800.0,30.0002,16549.43156967848,15856.251938472227,0,0,28340.107198689187,17507.44921171432,12203.220499059313,14778.287916526202,95.81145957619304,9.940305281720974,90.05969471827903,0.049148693078000134,success
64.0,68719476736,128,0.75,30,69441.9,51448.6,17993.3,17777100.0,30.0001,21660.65814954793,21413.219345068872,0,0,25953.55294485879,16288.885792363502,15665.22760160135,5853.043069835419,98.85765795863308,5.744450311022005,94.255549688978,0.04483691724504578,success
64.0,68719476736,128,1.0,30,72536.1,72536.1,0.0,18569200.0,30.0001,22529.177814178416,22234.46536828117,0,0,26118.534259248823,16338.095650708136,21822.99898944506,683.7960935375695,98.69186328800791,4.515813524138637,95.48418647586136,0.04554257613271377,success
